{
  "name": "power.fiskheroes.absolute_intangibility.name",
  "modifiers": {
    "fiskheroes:cooldown": {
      "cooldown": {
        "toggleData": "fiskheroes:intangible",
        "cooldownData": "fiskheroes:dyn/intangibility_cooldown",
        "duration": 300,
        "recovery": 1.0
      }
    },
    "fiskheroes:intangibility": {
      "isAbsolute": true
    }
  },
  "hud": [
    {
      "type": "PROGRESS",
      "texture": "fiskheroes:textures/gui/bars/intangibility.png",
      "data": "fiskheroes:dyn/intangibility_cooldown"
    }
  ]
}
