{
  "name": "power.fiskheroes.electrokinesis.name",
  "modifiers": {
    "fiskheroes:lightning_cast": {
      "damageProfile": {
        "damage": 10.0,
        "types": {
          "ELECTRICITY": 1.0
        },
        "properties": {
          "COOK_ENTITY": true,
          "LIGHTNING_STRIKE": 0.15
        }
      },
      "range": 48.0,
      "chainRadius": 2.5,
      "cooldownTime": 30,
      "soundEvents": {
        "SHOOT": "fiskheroes:black_lightning_lightning_cast"
      }
    },
    "fiskheroes:projectile_immunity": {
    },
    "fiskheroes:controlled_flight": {
      "speed": 0.08,
      "boostSpeed": 0.16,
      "canBoost": true,
      "collision": {
        "blocks": {
          "stopFlying": false,
          "takeDamage": true
        },
        "entities": {
          "stopFlying": true,
          "dealDamage": true
        }
      },
      "knockback": 0.7,
      "soundEvents": {
        "ENABLE": ["fiskheroes:black_lightning_flight_enable", "fiskheroes:black_lightning_flight_loop1", "fiskheroes:black_lightning_flight_loop2"],
        "BOOST": "fiskheroes:black_lightning_boost",
        "IMPACT_BLOCK": "fiskheroes:flight_impact_block",
        "IMPACT_ENTITY": "fiskheroes:flight_impact_entity"
      }
    }
  }
}
