{
  "name": "power.fiskheroes.gliding_flight.name",
  "modifiers": {
    "fiskheroes:gliding": {
      "gliding": {
        "speed": 1.0,
        "lift": 1.0,
        "gravity": 1.0,
        "stall": 0.0
      },
      "isPowered": true,
      "isControlled": false,
      "canJumpActivate": true,
      "boostSpeed": 0.1,
      "collision": {
        "blocks": {
          "stopFlying": true,
          "takeDamage": true
        },
        "entities": {
          "stopFlying": true,
          "dealDamage": true
        }
      },
      "knockback": 0.75,
      "soundEvents": {
        "ENABLE": "fiskheroes:gliding"
      }
    }
  }
}
