{
  "name": "power.fiskheroes.martian_physiology.name",
  "modifiers": {
    "fiskheroes:controlled_flight": {
      "speed": 0.1,
      "boostSpeed": 0.25,
      "canBoost": true,
      "collision": {
        "blocks": {
          "stopFlying": false,
          "takeDamage": false
        },
        "entities": {
          "stopFlying": false,
          "dealDamage": true
        }
      },
      "knockback": 0.4,
      "soundEvents": {
        "ENABLE": ["fiskheroes:flight_loop", "fiskheroes:flight_cape_loop"],
        "BOOST": "fiskheroes:flight_boost",
        "IMPACT_ENTITY": "fiskheroes:flight_impact_entity"
      }
    },
    "fiskheroes:leaping": {
      "leapAmount": [1.5, 0.3]
    },
    "fiskheroes:shape_shifting": {
    },
    "fiskheroes:intangibility": {
      "isAbsolute": false
    },
    "fiskheroes:invisibility": {
    },
    "fiskheroes:potion_immunity": {
      "potionEffects": ["minecraft:nausea", "minecraft:poison", "minecraft:wither"]
    },
    "fiskheroes:damage_immunity": {
      "damageType": "BULLET"
    },
    "fiskheroes:water_breathing": {
    },
    "fiskheroes:fire_weakness": {
      "radius": 2.5,
      "duration": 100
    }
  }
}
