{
  "name": "power.fiskheroes.mk50_nanites.name",
  "modifiers": {
    "fiskheroes:transformation": {
      "key": "NANITE_TRANSFORM",
      "transformation": {
        "toggleData": "fiskheroes:dyn/nanites",
        "timerData": "fiskheroes:dyn/nanite_timer",
        "time": 10
      },
      "soundEvents": {
        "ENABLE": "fiskheroes:mk50_enable",
        "DISABLE": "fiskheroes:mk50_disable"
      }
    },
    "fiskheroes:cooldown": {
      "cooldown": {
        "toggleData": "fiskheroes:dyn/nanites",
        "cooldownData": "fiskheroes:dyn/nanite_cooldown",
        "duration": 6000,
        "recovery": 3.0
      },
      "soundEvents": {
        "TIMEOUT": "fiskheroes:mk50_disable"
      }
    },
    "fiskheroes:controlled_flight": {
      "speed": 0.1,
      "boostSpeed": 0.25,
      "canBoost": true,
      "barrelRoll": {
        "duration": 10,
        "speed": 0.15,
        "drag": 0.06
      },
      "diveSpeedRetention": 0.5,
      "collision": {
        "blocks": {
          "stopFlying": false,
          "takeDamage": true
        },
        "entities": {
          "stopFlying": false,
          "dealDamage": true
        }
      },
      "knockback": 0.4,
      "soundEvents": {
        "ENABLE": ["fiskheroes:iron_man_flight_enable", "fiskheroes:iron_man_flight_loop"],
        "BOOST": "fiskheroes:iron_man_boost",
        "IMPACT_BLOCK": "fiskheroes:flight_impact_block",
        "IMPACT_ENTITY": "fiskheroes:flight_impact_entity",
        "ROLL": "fiskheroes:iron_man_flight_roll",
        "DIVE": ["fiskheroes:flight_dive_loop", "fiskheroes:iron_man_flight_dive"]
      }
    },
    "fiskheroes:fire_immunity": {
    },
    "fiskheroes:projectile_immunity": {
    },
    "fiskheroes:energy_bolt": {
      "damageProfile": {
        "damage": 10.5,
        "types": {
          "ENERGY": 1.0
        }
      },
      "isExplosive": true,
      "cooldownTime": 15,
      "soundEvents": {
        "SHOOT": "fiskheroes:mk50_cannon_shoot"
      }
    },
    "fiskheroes:shield": {
      "shield": {
        "health": 100.0,
        "regeneration": 8.0,
        "recoveryDelay": 20,
        "cooldown": 100
      },
      "coverage": {
        "yawRadius": 50.0,
        "pitchRadius": 50.0,
        "yawOffset": 0.0,
        "pitchOffset": 0.0
      },
      "knockback": 0.2,
      "isToggle": false,
      "soundEvents": {
        "ENABLE": "fiskheroes:mk50_shield_enable",
        "DISABLE": "fiskheroes:mk50_shield_disable",
        "DEFLECT": "fiskheroes:shield_deflect",
        "DISARM": "fiskheroes:shield_disarm"
      }
    },
    "fiskheroes:blade": {
      "soundEvents": {
        "ENABLE": "fiskheroes:mk50_blade_enable",
        "DISABLE": "fiskheroes:mk50_blade_disable"
      }
    },
    "fiskheroes:regeneration": {
      "factor": 1.5
    },
    "fiskheroes:water_breathing": {
    },
    "fiskheroes:metal_skin": {
    }
  },
  "hud": [
    {
      "type": "PROGRESS",
      "texture": "fiskheroes:textures/gui/bars/nanite_transformation.png",
      "data": "fiskheroes:dyn/nanite_cooldown"
    }
  ]
}
