{
  "name": "power.fiskheroes.spirit_physiology.name",
  "modifiers": {
    "fiskheroes:energy_projection": {
      "damageProfile": {
        "damage": 3.0,
        "types": {
          "ENERGY": 1.0,
          "FIRE": 0.25
        },
        "properties": {
          "COOK_ENTITY": true,
          "HEAT_TRANSFER": 80
        }
      },
      "range": 10.0,
      "radius": 0.1,
      "soundEvents": {
        "BEAM_AMBIENT": "fiskheroes:cosmic_beam"
      }
    },
    "fiskheroes:teleportation": {
      "canReachMoon": true,
      "range": 128.0,
      "soundEvents": {
        "TELEPORT": "fiskheroes:breach"
      }
    },
    "fiskheroes:arrow_catching": {
    },
    "fiskheroes:leaping": {
      "leapAmount": [0.5, 0.4]
    },
    "fiskheroes:water_breathing": {
    }
  }
}
