{
  "name": "power.fiskheroes.throwing_stars.name",
  "modifiers": {
    "fiskheroes:equipment": {
      "equipment": {
        "fiskheroes:throwing_star": {
          "cooldown": 30,
          "uses": 2,
          "damageProfile": {
            "damage": 8.0,
            "types": {
              "SHURIKEN": 1.0
            },
            "properties": {
              "DAMAGE_DROPOFF": 0.6,
              "HIT_COOLDOWN": 0
            }
          }
        }
      },
      "soundEvents": {
        "SWITCH": "fiskheroes:utility_belt_switch"
      }
    }
  }
}
