{
  "name": "power.fiskheroes.velocity_nine.name",
  "modifiers": {
    "fiskheroes:super_speed": {
      "canUseTreadmill": true,
      "canUseTachyons": true,
      "soundEvents": {
        "ENABLE": "fiskheroes:flicker_loop_trajectory",
        "MOVE": "fiskheroes:super_speed_move_loop_cw",
        "SPRINT": ["fiskheroes:super_speed_sprint_trajectory1", "fiskheroes:super_speed_sprint_trajectory2"],
        "STOP": ["fiskheroes:super_speed_stop_trajectory1", "fiskheroes:super_speed_stop_trajectory2"]
      }
    },
    "fiskheroes:slow_motion": {
      "soundEvents": {
        "ENABLE": "fiskheroes:slow_motion_enable_cw",
        "DISABLE": "fiskheroes:slow_motion_disable_cw"
      }
    },
    "fiskheroes:arrow_catching": {
    },
    "fiskheroes:regeneration": {
      "factor": 0.75
    },
    "fiskheroes:speed_disintegration": {
      "factor": 30
    }
  }
}