{
  "name": "class.fisktag.demolitionist.name",
  "modifiers": {
    "fiskheroes:equipment": {
      "equipment": {
        "fiskheroes:grenade": {
          "cooldown": 200,
          "uses": 1,
          "damageProfile": {
            "damage": 2.0,
            "types": {
              "EXPLOSION": 1.0
            }
          },
          "isInstant": false,
          "affectsUser": true,
          "fuseTime": 40,
          "radius": 8.0,
          "soundEvents": {
            "USE": "fiskheroes:grenade_throw"
          }
        }
      },
      "soundEvents": {
        "SWITCH": "fiskheroes:utility_belt_switch"
      }
    }
  }
}
