{
  "name": "class.fisktag.scout.name",
  "modifiers": {
    "fiskheroes:controlled_flight": {
      "speed": 0.0,
      "boostSpeed": 0.8,
      "canBoost": true,
      "collision": {
        "blocks": {
          "stopFlying": false,
          "takeDamage": false
        },
        "entities": {
          "stopFlying": false,
          "dealDamage": false
        }
      },
      "soundEvents": {
        "ENABLE": ["fisktag:scout_leap", "fisktag:scout_leap_energy", "fisktag:scout_leap_whoosh"]
      }
    }
  }
}
