{
  "particles": [
    {
      "maxDistance": 64,
      "condition": "entity.team().name() == 'fisktag_RED'",
      "type": "ENERGY_SMOKE",
      "anchor": "rightLeg",
      "amount": 4,
      "offset": {
        "tp": [ 0.0, 12.0, 0.0 ],
        "fp": [ 3.0, 24.0, 0.0 ]
      },
      "randOffset": [ 0.2, 0.2, 0.2 ],
      "motion": [ 1.0, 0.0, 0.0 ],
      "mirror": true,
      "lockFPYaw": true
    },
    {
      "maxDistance": 64,
      "condition": "entity.team().name() == 'fisktag_BLUE'",
      "type": "ENERGY_SMOKE",
      "anchor": "rightLeg",
      "amount": 4,
      "offset": {
        "tp": [ 0.0, 12.0, 0.0 ],
        "fp": [ 3.0, 24.0, 0.0 ]
      },
      "randOffset": [ 0.2, 0.2, 0.2 ],
      "motion": [ 0.0, 0.07, 1.0 ],
      "mirror": true,
      "lockFPYaw": true
    },
    {
      "maxDistance": 64,
      "condition": "entity.team().name() != 'fisktag_RED' && entity.team().name() != 'fisktag_BLUE'",
      "type": "ENERGY_SMOKE",
      "anchor": "rightLeg",
      "amount": 4,
      "offset": {
        "tp": [ 0.0, 12.0, 0.0 ],
        "fp": [ 3.0, 24.0, 0.0 ]
      },
      "randOffset": [ 0.2, 0.2, 0.2 ],
      "motion": [ 1.0, 1.0, 1.0 ],
      "mirror": true,
      "lockFPYaw": true
    },
    {
      "condition": "!firstPerson && entity.getData('fisktag:dyn/leap_cooldown') > 0.975",
      "type": "minecraft:largeexplode",
      "anchor": "body",
      "amount": 1,
      "offset": [ 0.0, 24.0, 0.0 ],
      "motion": [ -1.0, 0.0, 0.0 ]
    }
  ]
}
