{
  "aspects": [
    {
      "type": "LASER",
      "opacity": 0.5,
      "scale": 0.35,
      "spin": 3.0,
      "pulse": {
        "length": 1.0,
        "size": 0.25,
        "frequency": 0.5
      },
      "core": {
        "color": "0xFFFFFF",
        "additiveBlending": true
      },
      "bloom": {
        "strength": 0.8,
        "spread": 5.0,
        "dropoff": 3.0,
        "quality": 1.0,
        "scaleToSize": false
      }
    },
    {
      "type": "LIGHTNING",
      "opacity": 0.4,
      "scale": 0.5,
      "amount": 8,
      "segments": {
        "min": 8,
        "spacing": 2.0
      },
      "intensity": 0.4,
      "changeRate": 0.8,
      "bounds": [3.5, 5.0],
      "core": {
        "color": "0xFFFFFF",
        "additiveBlending": true
      },
      "bloom": {
        "strength": 1.0,
        "spread": 5.0,
        "dropoff": 2.0,
        "quality": 1.0,
        "scaleToSize": false
      }
    }
  ]
}
